{"cameraMode":{"drawMode":0,"name":"Shaded","section":"Shading Mode"},"sceneLighting":true,"audioPlay":false,"sceneViewState":{"showFog":true,"showMaterialUpdate":true,"showSkybox":true,"showFlares":true,"showImageEffects":true,"showParticleSystems":true},"in2DMode":false,"pivot":{"x":3.154219150543213,"y":-3.1449408531188967,"z":-2.5516226291656496},"rotation":{"x":0.10257186740636826,"y":0.6510148644447327,"z":-0.08941958844661713,"w":0.7467701435089111},"size":2.8578836917877199,"orthographic":false}